id;ho_ten;username;password
1;concept Bedfordshire Berkshire;connecting Hawaii transmitter;deposit impactful parse
2;Dinar index Wooden;Fort Tasty vortals;Sri Home Berkshire
3;PCI extranet payment;bluetooth;RAM
4;Upgradable Wooden;Arizona;Hat
5;auxiliary Fantastic;hacking Innovative;Ramp web-enabled User-centric
6;out-of-the-box;Account;Beauty panel Towels
7;Mongolia card panel;aggregate;Persistent out-of-the-box Factors
8;engineer SQL Future;Towels Kwacha;Planner GB deposit
9;Checking AI Enhanced;Research;Guyana
10;Movies;invoice vortals world-class;purple bandwidth
